subject,session,task
sub-s061,ses-1,task-CCTHot
sub-s061,ses-1,task-WATT3
sub-s061,ses-1,task-stopSignal
sub-s061,ses-1,task-twoByTwo
sub-s061,ses-2,task-DPX
sub-s061,ses-2,task-discountFix
sub-s061,ses-2,task-motorSelectiveStop
sub-s061,ses-2,task-stroop
sub-s130,ses-1,task-motorSelectiveStop
sub-s130,ses-1,task-stroop
sub-s130,ses-2,task-ANT
sub-s130,ses-2,task-CCTHot
sub-s130,ses-2,task-WATT3
sub-s130,ses-2,task-stopSignal
sub-s130,ses-2,task-twoByTwo
sub-s144,ses-1,task-WATT3
sub-s172,ses-1,task-DPX
sub-s172,ses-1,task-discountFix
sub-s172,ses-1,task-motorSelectiveStop
sub-s172,ses-1,task-stroop
sub-s172,ses-2,task-ANT
sub-s172,ses-2,task-CCTHot
sub-s172,ses-2,task-WATT3
sub-s172,ses-2,task-stopSignal
sub-s172,ses-2,task-twoByTwo
sub-s192,ses-1,task-DPX
sub-s192,ses-1,task-discountFix
sub-s192,ses-1,task-motorSelectiveStop
sub-s192,ses-1,task-stroop
sub-s192,ses-2,task-ANT
sub-s192,ses-2,task-CCTHot
sub-s192,ses-2,task-WATT3
sub-s192,ses-2,task-stopSignal
sub-s192,ses-2,task-twoByTwo
sub-s234,ses-1,task-CCTHot
sub-s234,ses-1,task-WATT3
sub-s234,ses-1,task-stopSignal
sub-s234,ses-1,task-twoByTwo
sub-s234,ses-2,task-DPX
sub-s234,ses-2,task-discountFix
sub-s234,ses-2,task-motorSelectiveStop
sub-s234,ses-2,task-stroop
sub-s251,ses-1,task-ANT
sub-s251,ses-1,task-CCTHot
sub-s251,ses-1,task-WATT3
sub-s251,ses-1,task-stopSignal
sub-s251,ses-2,task-motorSelectiveStop
sub-s358,ses-1,task-ANT
sub-s358,ses-1,task-CCTHot
sub-s358,ses-1,task-WATT3
sub-s358,ses-1,task-twoByTwo
sub-s358,ses-2,task-stroop
sub-s373,ses-1,task-WATT3
sub-s445,ses-2,task-WATT3
sub-s465,ses-1,task-ANT
sub-s465,ses-1,task-CCTHot
sub-s465,ses-1,task-WATT3
sub-s465,ses-1,task-stopSignal
sub-s465,ses-1,task-twoByTwo
sub-s465,ses-2,task-DPX
sub-s465,ses-2,task-discountFix
sub-s465,ses-2,task-motorSelectiveStop
sub-s465,ses-2,task-stroop
sub-s471,ses-1,task-ANT
sub-s471,ses-1,task-WATT3
sub-s471,ses-1,task-stopSignal
sub-s471,ses-1,task-twoByTwo
sub-s471,ses-2,task-discountFix
sub-s471,ses-2,task-motorSelectiveStop
sub-s471,ses-2,task-stroop
sub-s483,ses-1,task-DPX
sub-s483,ses-1,task-discountFix
sub-s483,ses-1,task-motorSelectiveStop
sub-s483,ses-2,task-ANT
sub-s483,ses-2,task-CCTHot
sub-s483,ses-2,task-WATT3
sub-s483,ses-2,task-stopSignal
sub-s483,ses-2,task-twoByTwo
sub-s491,ses-1,task-ANT
sub-s491,ses-1,task-WATT3
sub-s491,ses-1,task-stopSignal
sub-s491,ses-1,task-twoByTwo
sub-s491,ses-2,task-DPX
sub-s491,ses-2,task-discountFix
sub-s491,ses-2,task-motorSelectiveStop
sub-s491,ses-2,task-stroop
sub-s495,ses-1,task-ANT
sub-s495,ses-1,task-CCTHot
sub-s495,ses-1,task-WATT3
sub-s495,ses-1,task-stopSignal
sub-s495,ses-1,task-twoByTwo
sub-s495,ses-2,task-DPX
sub-s495,ses-2,task-discountFix
sub-s495,ses-2,task-motorSelectiveStop
sub-s495,ses-2,task-stroop
sub-s497,ses-1,task-stroop
sub-s497,ses-2,task-ANT
sub-s497,ses-2,task-CCTHot
sub-s497,ses-2,task-WATT3
sub-s497,ses-2,task-stopSignal
sub-s497,ses-2,task-twoByTwo
sub-s499,ses-1,task-WATT3
sub-s512,ses-1,task-DPX
sub-s512,ses-1,task-stroop
sub-s513,ses-1,task-ANT
sub-s513,ses-1,task-CCTHot
sub-s513,ses-1,task-WATT3
sub-s513,ses-1,task-stopSignal
sub-s513,ses-1,task-twoByTwo
sub-s513,ses-2,task-DPX
sub-s513,ses-3,task-discountFix
sub-s513,ses-3,task-motorSelectiveStop
sub-s513,ses-3,task-stroop
sub-s518,ses-1,task-DPX
sub-s518,ses-1,task-discountFix
sub-s518,ses-1,task-motorSelectiveStop
sub-s518,ses-1,task-stroop
sub-s518,ses-2,task-ANT
sub-s518,ses-2,task-CCTHot
sub-s518,ses-2,task-WATT3
sub-s518,ses-2,task-stopSignal
sub-s518,ses-2,task-twoByTwo
sub-s519,ses-1,task-ANT
sub-s519,ses-1,task-CCTHot
sub-s519,ses-1,task-WATT3
sub-s519,ses-1,task-stopSignal
sub-s519,ses-1,task-twoByTwo
sub-s519,ses-2,task-DPX
sub-s519,ses-2,task-discountFix
sub-s519,ses-2,task-stroop
sub-s524,ses-1,task-DPX
sub-s524,ses-1,task-discountFix
sub-s524,ses-1,task-motorSelectiveStop
sub-s524,ses-1,task-stroop
sub-s524,ses-2,task-ANT
sub-s524,ses-2,task-CCTHot
sub-s524,ses-2,task-WATT3
sub-s524,ses-2,task-stopSignal
sub-s524,ses-2,task-twoByTwo
sub-s525,ses-1,task-DPX
sub-s525,ses-1,task-discountFix
sub-s525,ses-1,task-motorSelectiveStop
sub-s525,ses-1,task-stroop
sub-s525,ses-2,task-ANT
sub-s525,ses-2,task-CCTHot
sub-s525,ses-2,task-WATT3
sub-s525,ses-2,task-stopSignal
sub-s525,ses-2,task-twoByTwo
sub-s526,ses-1,task-DPX
sub-s526,ses-1,task-discountFix
sub-s526,ses-1,task-motorSelectiveStop
sub-s526,ses-1,task-stroop
sub-s526,ses-2,task-ANT
sub-s526,ses-2,task-CCTHot
sub-s526,ses-2,task-WATT3
sub-s526,ses-2,task-stopSignal
sub-s526,ses-2,task-twoByTwo
sub-s533,ses-1,task-WATT3
sub-s541,ses-1,task-ANT
sub-s541,ses-1,task-CCTHot
sub-s541,ses-1,task-WATT3
sub-s541,ses-1,task-stopSignal
sub-s541,ses-1,task-twoByTwo
sub-s541,ses-2,task-stroop
sub-s546,ses-1,task-ANT
sub-s546,ses-1,task-CCTHot
sub-s546,ses-1,task-WATT3
sub-s546,ses-1,task-stopSignal
sub-s546,ses-1,task-twoByTwo
sub-s546,ses-2,task-DPX
sub-s546,ses-2,task-discountFix
sub-s546,ses-2,task-motorSelectiveStop
sub-s546,ses-2,task-stroop
sub-s548,ses-1,task-DPX
sub-s548,ses-1,task-discountFix
sub-s548,ses-1,task-stroop
sub-s548,ses-2,task-ANT
sub-s548,ses-2,task-CCTHot
sub-s548,ses-2,task-WATT3
sub-s548,ses-2,task-stopSignal
sub-s548,ses-2,task-twoByTwo
sub-s549,ses-1,task-DPX
sub-s549,ses-1,task-discountFix
sub-s549,ses-1,task-stroop
sub-s549,ses-2,task-CCTHot
sub-s549,ses-2,task-WATT3
sub-s549,ses-2,task-stopSignal
sub-s549,ses-2,task-twoByTwo
sub-s553,ses-2,task-WATT3
sub-s554,ses-1,task-ANT
sub-s554,ses-1,task-CCTHot
sub-s554,ses-1,task-WATT3
sub-s554,ses-1,task-stopSignal
sub-s554,ses-1,task-twoByTwo
sub-s554,ses-2,task-discountFix
sub-s554,ses-2,task-motorSelectiveStop
sub-s554,ses-2,task-stroop
sub-s555,ses-1,task-ANT
sub-s555,ses-1,task-CCTHot
sub-s555,ses-1,task-WATT3
sub-s555,ses-1,task-stopSignal
sub-s555,ses-1,task-twoByTwo
sub-s555,ses-2,task-DPX
sub-s555,ses-2,task-discountFix
sub-s555,ses-2,task-motorSelectiveStop
sub-s555,ses-2,task-stroop
sub-s556,ses-1,task-ANT
sub-s556,ses-1,task-CCTHot
sub-s556,ses-1,task-WATT3
sub-s556,ses-1,task-twoByTwo
sub-s556,ses-2,task-DPX
sub-s556,ses-2,task-discountFix
sub-s556,ses-2,task-motorSelectiveStop
sub-s556,ses-2,task-stroop
sub-s557,ses-1,task-DPX
sub-s557,ses-1,task-discountFix
sub-s557,ses-1,task-stroop
sub-s557,ses-2,task-ANT
sub-s557,ses-2,task-CCTHot
sub-s557,ses-2,task-WATT3
sub-s557,ses-2,task-stopSignal
sub-s557,ses-2,task-twoByTwo
sub-s558,ses-1,task-stroop
sub-s558,ses-2,task-ANT
sub-s558,ses-2,task-CCTHot
sub-s558,ses-2,task-WATT3
sub-s558,ses-2,task-stopSignal
sub-s558,ses-2,task-twoByTwo
sub-s561,ses-1,task-discountFix
sub-s561,ses-1,task-motorSelectiveStop
sub-s561,ses-1,task-stroop
sub-s561,ses-2,task-ANT
sub-s561,ses-2,task-CCTHot
sub-s561,ses-2,task-WATT3
sub-s561,ses-2,task-stopSignal
sub-s561,ses-2,task-twoByTwo
sub-s567,ses-1,task-ANT
sub-s567,ses-1,task-CCTHot
sub-s567,ses-1,task-WATT3
sub-s567,ses-1,task-stopSignal
sub-s567,ses-2,task-DPX
sub-s567,ses-2,task-discountFix
sub-s567,ses-2,task-motorSelectiveStop
sub-s567,ses-2,task-stroop
sub-s568,ses-1,task-ANT
sub-s568,ses-1,task-CCTHot
sub-s568,ses-1,task-WATT3
sub-s568,ses-1,task-stopSignal
sub-s568,ses-1,task-twoByTwo
sub-s568,ses-2,task-DPX
sub-s568,ses-2,task-discountFix
sub-s568,ses-2,task-motorSelectiveStop
sub-s568,ses-2,task-stroop
sub-s570,ses-1,task-ANT
sub-s570,ses-1,task-CCTHot
sub-s570,ses-1,task-WATT3
sub-s570,ses-1,task-stopSignal
sub-s570,ses-1,task-twoByTwo
sub-s570,ses-2,task-DPX
sub-s570,ses-2,task-discountFix
sub-s570,ses-2,task-stroop
sub-s572,ses-1,task-DPX
sub-s572,ses-1,task-motorSelectiveStop
sub-s572,ses-1,task-stroop
sub-s572,ses-2,task-ANT
sub-s572,ses-2,task-CCTHot
sub-s572,ses-2,task-WATT3
sub-s572,ses-2,task-stopSignal
sub-s572,ses-2,task-twoByTwo
sub-s573,ses-1,task-DPX
sub-s573,ses-1,task-discountFix
sub-s573,ses-1,task-motorSelectiveStop
sub-s573,ses-1,task-stroop
sub-s573,ses-2,task-ANT
sub-s573,ses-2,task-WATT3
sub-s573,ses-2,task-stopSignal
sub-s573,ses-2,task-twoByTwo
sub-s574,ses-1,task-DPX
sub-s574,ses-1,task-discountFix
sub-s574,ses-1,task-stroop
sub-s574,ses-2,task-ANT
sub-s574,ses-2,task-CCTHot
sub-s574,ses-2,task-stopSignal
sub-s574,ses-2,task-twoByTwo
sub-s577,ses-1,task-ANT
sub-s577,ses-1,task-CCTHot
sub-s577,ses-1,task-WATT3
sub-s577,ses-1,task-stopSignal
sub-s577,ses-1,task-twoByTwo
sub-s577,ses-2,task-DPX
sub-s577,ses-2,task-discountFix
sub-s577,ses-2,task-stroop
sub-s579,ses-1,task-ANT
sub-s579,ses-1,task-CCTHot
sub-s579,ses-1,task-stopSignal
sub-s579,ses-1,task-twoByTwo
sub-s579,ses-2,task-DPX
sub-s579,ses-2,task-discountFix
sub-s579,ses-2,task-motorSelectiveStop
sub-s579,ses-2,task-stroop
sub-s581,ses-1,task-DPX
sub-s581,ses-1,task-motorSelectiveStop
sub-s581,ses-1,task-stroop
sub-s581,ses-2,task-CCTHot
sub-s581,ses-2,task-WATT3
sub-s581,ses-2,task-twoByTwo
sub-s582,ses-2,task-WATT3
sub-s583,ses-1,task-DPX
sub-s583,ses-1,task-discountFix
sub-s583,ses-1,task-motorSelectiveStop
sub-s583,ses-1,task-stroop
sub-s583,ses-2,task-ANT
sub-s583,ses-2,task-CCTHot
sub-s583,ses-2,task-WATT3
sub-s583,ses-2,task-stopSignal
sub-s583,ses-2,task-twoByTwo
sub-s584,ses-1,task-DPX
sub-s584,ses-1,task-discountFix
sub-s584,ses-1,task-motorSelectiveStop
sub-s584,ses-1,task-stroop
sub-s584,ses-2,task-ANT
sub-s584,ses-2,task-CCTHot
sub-s584,ses-2,task-WATT3
sub-s584,ses-2,task-stopSignal
sub-s584,ses-2,task-twoByTwo
sub-s585,ses-1,task-discountFix
sub-s585,ses-1,task-motorSelectiveStop
sub-s585,ses-1,task-stroop
sub-s585,ses-2,task-ANT
sub-s585,ses-2,task-CCTHot
sub-s585,ses-2,task-WATT3
sub-s585,ses-2,task-twoByTwo
sub-s586,ses-1,task-discountFix
sub-s586,ses-1,task-stroop
sub-s586,ses-2,task-ANT
sub-s586,ses-2,task-CCTHot
sub-s586,ses-2,task-WATT3
sub-s586,ses-2,task-stopSignal
sub-s586,ses-2,task-twoByTwo
sub-s587,ses-1,task-ANT
sub-s587,ses-1,task-CCTHot
sub-s587,ses-1,task-WATT3
sub-s587,ses-1,task-stopSignal
sub-s587,ses-1,task-twoByTwo
sub-s587,ses-2,task-DPX
sub-s587,ses-2,task-discountFix
sub-s587,ses-2,task-motorSelectiveStop
sub-s587,ses-2,task-stroop
sub-s588,ses-1,task-WATT3
sub-s589,ses-1,task-ANT
sub-s589,ses-1,task-CCTHot
sub-s589,ses-1,task-WATT3
sub-s589,ses-1,task-stopSignal
sub-s589,ses-1,task-twoByTwo
sub-s589,ses-2,task-DPX
sub-s589,ses-2,task-discountFix
sub-s589,ses-2,task-motorSelectiveStop
sub-s589,ses-2,task-stroop
sub-s590,ses-1,task-ANT
sub-s590,ses-1,task-CCTHot
sub-s590,ses-1,task-WATT3
sub-s590,ses-1,task-stopSignal
sub-s590,ses-1,task-twoByTwo
sub-s590,ses-2,task-DPX
sub-s590,ses-2,task-discountFix
sub-s590,ses-2,task-motorSelectiveStop
sub-s590,ses-2,task-stroop
sub-s591,ses-1,task-DPX
sub-s591,ses-1,task-discountFix
sub-s591,ses-1,task-motorSelectiveStop
sub-s591,ses-1,task-stroop
sub-s591,ses-2,task-ANT
sub-s591,ses-2,task-CCTHot
sub-s591,ses-2,task-WATT3
sub-s591,ses-2,task-stopSignal
sub-s591,ses-2,task-twoByTwo
sub-s592,ses-2,task-WATT3
sub-s593,ses-1,task-DPX
sub-s593,ses-1,task-discountFix
sub-s593,ses-1,task-motorSelectiveStop
sub-s593,ses-1,task-stroop
sub-s593,ses-2,task-ANT
sub-s593,ses-2,task-CCTHot
sub-s593,ses-2,task-WATT3
sub-s593,ses-2,task-stopSignal
sub-s593,ses-2,task-twoByTwo
sub-s594,ses-1,task-DPX
sub-s594,ses-1,task-discountFix
sub-s594,ses-1,task-motorSelectiveStop
sub-s594,ses-2,task-ANT
sub-s594,ses-2,task-CCTHot
sub-s594,ses-2,task-WATT3
sub-s594,ses-2,task-stopSignal
sub-s594,ses-2,task-twoByTwo
sub-s595,ses-1,task-DPX
sub-s595,ses-1,task-discountFix
sub-s595,ses-1,task-motorSelectiveStop
sub-s595,ses-1,task-stroop
sub-s595,ses-2,task-ANT
sub-s595,ses-2,task-CCTHot
sub-s595,ses-2,task-WATT3
sub-s595,ses-2,task-stopSignal
sub-s595,ses-2,task-twoByTwo
sub-s596,ses-1,task-ANT
sub-s596,ses-1,task-CCTHot
sub-s596,ses-1,task-WATT3
sub-s596,ses-1,task-stopSignal
sub-s596,ses-1,task-twoByTwo
sub-s596,ses-2,task-DPX
sub-s596,ses-2,task-discountFix
sub-s596,ses-2,task-motorSelectiveStop
sub-s596,ses-2,task-stroop
sub-s597,ses-1,task-ANT
sub-s597,ses-1,task-CCTHot
sub-s597,ses-1,task-WATT3
sub-s597,ses-1,task-stopSignal
sub-s597,ses-1,task-twoByTwo
sub-s597,ses-2,task-DPX
sub-s597,ses-2,task-discountFix
sub-s597,ses-2,task-motorSelectiveStop
sub-s597,ses-2,task-stroop
sub-s598,ses-1,task-ANT
sub-s598,ses-1,task-CCTHot
sub-s598,ses-1,task-WATT3
sub-s598,ses-1,task-stopSignal
sub-s598,ses-1,task-twoByTwo
sub-s598,ses-2,task-DPX
sub-s598,ses-2,task-discountFix
sub-s598,ses-2,task-motorSelectiveStop
sub-s601,ses-1,task-DPX
sub-s601,ses-1,task-discountFix
sub-s601,ses-1,task-motorSelectiveStop
sub-s601,ses-1,task-stroop
sub-s601,ses-2,task-ANT
sub-s601,ses-2,task-CCTHot
sub-s601,ses-2,task-WATT3
sub-s601,ses-2,task-stopSignal
sub-s601,ses-2,task-twoByTwo
sub-s602,ses-1,task-DPX
sub-s602,ses-1,task-discountFix
sub-s602,ses-1,task-motorSelectiveStop
sub-s602,ses-1,task-stroop
sub-s602,ses-2,task-ANT
sub-s602,ses-2,task-CCTHot
sub-s602,ses-2,task-WATT3
sub-s602,ses-2,task-stopSignal
sub-s602,ses-2,task-twoByTwo
sub-s603,ses-1,task-WATT3
sub-s604,ses-2,task-DPX
sub-s604,ses-2,task-discountFix
sub-s604,ses-2,task-motorSelectiveStop
sub-s605,ses-1,task-ANT
sub-s605,ses-1,task-CCTHot
sub-s605,ses-1,task-WATT3
sub-s605,ses-1,task-stopSignal
sub-s605,ses-1,task-twoByTwo
sub-s605,ses-2,task-stroop
sub-s606,ses-1,task-ANT
sub-s606,ses-1,task-CCTHot
sub-s606,ses-1,task-WATT3
sub-s606,ses-1,task-stopSignal
sub-s606,ses-1,task-twoByTwo
sub-s606,ses-2,task-DPX
sub-s606,ses-2,task-discountFix
sub-s606,ses-2,task-motorSelectiveStop
sub-s606,ses-2,task-stroop
sub-s607,ses-2,task-WATT3
sub-s608,ses-1,task-discountFix
sub-s608,ses-2,task-WATT3
sub-s608,ses-2,task-twoByTwo
sub-s609,ses-1,task-DPX
sub-s609,ses-1,task-discountFix
sub-s609,ses-1,task-motorSelectiveStop
sub-s609,ses-1,task-stroop
sub-s609,ses-2,task-CCTHot
sub-s609,ses-2,task-WATT3
sub-s609,ses-2,task-stopSignal
sub-s609,ses-2,task-twoByTwo
sub-s610,ses-1,task-DPX
sub-s610,ses-1,task-discountFix
sub-s610,ses-1,task-motorSelectiveStop
sub-s610,ses-1,task-stroop
sub-s610,ses-2,task-ANT
sub-s610,ses-2,task-CCTHot
sub-s610,ses-2,task-WATT3
sub-s610,ses-2,task-stopSignal
sub-s610,ses-2,task-twoByTwo
sub-s611,ses-1,task-ANT
sub-s611,ses-1,task-WATT3
sub-s611,ses-1,task-stopSignal
sub-s611,ses-1,task-twoByTwo
sub-s611,ses-2,task-DPX
sub-s611,ses-2,task-discountFix
sub-s611,ses-2,task-motorSelectiveStop
sub-s611,ses-2,task-stroop
sub-s612,ses-1,task-ANT
sub-s612,ses-1,task-CCTHot
sub-s612,ses-1,task-WATT3
sub-s612,ses-1,task-stopSignal
sub-s612,ses-1,task-twoByTwo
sub-s612,ses-2,task-DPX
sub-s612,ses-2,task-discountFix
sub-s612,ses-2,task-motorSelectiveStop
sub-s612,ses-2,task-stroop
sub-s613,ses-1,task-ANT
sub-s613,ses-1,task-CCTHot
sub-s613,ses-1,task-WATT3
sub-s613,ses-1,task-stopSignal
sub-s613,ses-1,task-twoByTwo
sub-s613,ses-2,task-discountFix
sub-s613,ses-2,task-stroop
sub-s614,ses-1,task-ANT
sub-s614,ses-1,task-CCTHot
sub-s614,ses-1,task-WATT3
sub-s614,ses-1,task-stopSignal
sub-s614,ses-1,task-twoByTwo
sub-s614,ses-2,task-motorSelectiveStop
sub-s614,ses-2,task-stroop
sub-s615,ses-1,task-discountFix
sub-s615,ses-1,task-motorSelectiveStop
sub-s615,ses-1,task-stroop
sub-s615,ses-2,task-CCTHot
sub-s615,ses-3,task-ANT
sub-s615,ses-3,task-WATT3
sub-s615,ses-3,task-stopSignal
sub-s616,ses-1,task-DPX
sub-s616,ses-1,task-discountFix
sub-s616,ses-1,task-motorSelectiveStop
sub-s616,ses-2,task-ANT
sub-s616,ses-2,task-CCTHot
sub-s616,ses-2,task-WATT3
sub-s616,ses-2,task-stopSignal
sub-s617,ses-1,task-DPX
sub-s617,ses-1,task-discountFix
sub-s617,ses-1,task-motorSelectiveStop
sub-s617,ses-1,task-stroop
sub-s617,ses-2,task-ANT
sub-s617,ses-2,task-CCTHot
sub-s617,ses-2,task-WATT3
sub-s617,ses-2,task-stopSignal
sub-s617,ses-2,task-twoByTwo
sub-s618,ses-2,task-CCTHot
sub-s618,ses-2,task-WATT3
sub-s618,ses-2,task-discountFix
sub-s618,ses-2,task-stroop
sub-s618,ses-2,task-twoByTwo
sub-s619,ses-1,task-CCTHot
sub-s619,ses-1,task-WATT3
sub-s619,ses-1,task-stopSignal
sub-s619,ses-2,task-DPX
sub-s619,ses-2,task-stroop
sub-s621,ses-1,task-ANT
sub-s621,ses-1,task-CCTHot
sub-s621,ses-1,task-WATT3
sub-s621,ses-1,task-stopSignal
sub-s621,ses-1,task-twoByTwo
sub-s621,ses-2,task-DPX
sub-s621,ses-2,task-discountFix
sub-s621,ses-2,task-motorSelectiveStop
sub-s621,ses-2,task-stroop
sub-s622,ses-1,task-DPX
sub-s622,ses-1,task-discountFix
sub-s622,ses-1,task-motorSelectiveStop
sub-s622,ses-1,task-stroop
sub-s622,ses-2,task-CCTHot
sub-s622,ses-2,task-WATT3
sub-s622,ses-2,task-twoByTwo
sub-s623,ses-2,task-WATT3
sub-s624,ses-1,task-DPX
sub-s624,ses-1,task-discountFix
sub-s624,ses-1,task-motorSelectiveStop
sub-s624,ses-1,task-stroop
sub-s624,ses-2,task-ANT
sub-s624,ses-2,task-CCTHot
sub-s624,ses-2,task-WATT3
sub-s624,ses-2,task-stopSignal
sub-s624,ses-2,task-twoByTwo
sub-s626,ses-2,task-DPX
sub-s626,ses-2,task-motorSelectiveStop
sub-s626,ses-2,task-stroop
sub-s627,ses-1,task-ANT
sub-s627,ses-1,task-CCTHot
sub-s627,ses-1,task-WATT3
sub-s627,ses-1,task-stopSignal
sub-s627,ses-1,task-twoByTwo
sub-s627,ses-2,task-DPX
sub-s627,ses-2,task-discountFix
sub-s627,ses-2,task-motorSelectiveStop
sub-s627,ses-2,task-stroop
sub-s628,ses-1,task-ANT
sub-s628,ses-1,task-CCTHot
sub-s628,ses-1,task-WATT3
sub-s628,ses-1,task-stopSignal
sub-s628,ses-1,task-twoByTwo
sub-s628,ses-2,task-DPX
sub-s628,ses-2,task-discountFix
sub-s628,ses-2,task-motorSelectiveStop
sub-s628,ses-2,task-stroop
sub-s629,ses-1,task-ANT
sub-s629,ses-1,task-CCTHot
sub-s629,ses-1,task-WATT3
sub-s629,ses-1,task-stopSignal
sub-s629,ses-1,task-twoByTwo
sub-s629,ses-2,task-discountFix
sub-s629,ses-2,task-motorSelectiveStop
sub-s631,ses-1,task-discountFix
sub-s631,ses-1,task-motorSelectiveStop
sub-s631,ses-1,task-stroop
sub-s631,ses-2,task-WATT3
sub-s633,ses-1,task-DPX
sub-s633,ses-1,task-discountFix
sub-s633,ses-1,task-motorSelectiveStop
sub-s633,ses-1,task-stroop
sub-s633,ses-2,task-CCTHot
sub-s633,ses-2,task-WATT3
sub-s633,ses-2,task-stopSignal
sub-s633,ses-2,task-twoByTwo
sub-s634,ses-1,task-DPX
sub-s634,ses-1,task-discountFix
sub-s634,ses-1,task-motorSelectiveStop
sub-s634,ses-1,task-stroop
sub-s634,ses-2,task-ANT
sub-s634,ses-2,task-CCTHot
sub-s634,ses-2,task-WATT3
sub-s634,ses-2,task-stopSignal
sub-s634,ses-2,task-twoByTwo
sub-s636,ses-1,task-ANT
sub-s636,ses-1,task-CCTHot
sub-s636,ses-1,task-WATT3
sub-s636,ses-1,task-stopSignal
sub-s636,ses-1,task-twoByTwo
sub-s636,ses-2,task-DPX
sub-s636,ses-2,task-motorSelectiveStop
sub-s636,ses-2,task-stroop
sub-s638,ses-1,task-twoByTwo
sub-s638,ses-2,task-discountFix
sub-s638,ses-2,task-motorSelectiveStop
sub-s638,ses-2,task-stroop
sub-s639,ses-1,task-WATT3
sub-s641,ses-1,task-motorSelectiveStop
sub-s641,ses-1,task-stroop
sub-s641,ses-3,task-CCTHot
sub-s641,ses-3,task-twoByTwo
sub-s642,ses-1,task-DPX
sub-s642,ses-1,task-discountFix
sub-s642,ses-1,task-motorSelectiveStop
sub-s642,ses-1,task-stroop
sub-s642,ses-2,task-stopSignal
sub-s642,ses-2,task-twoByTwo
sub-s643,ses-1,task-DPX
sub-s643,ses-1,task-discountFix
sub-s643,ses-1,task-motorSelectiveStop
sub-s643,ses-1,task-stroop
sub-s643,ses-2,task-ANT
sub-s644,ses-1,task-DPX
sub-s644,ses-1,task-discountFix
sub-s644,ses-1,task-motorSelectiveStop
sub-s644,ses-1,task-stroop
sub-s644,ses-2,task-ANT
sub-s644,ses-2,task-CCTHot
sub-s644,ses-2,task-WATT3
sub-s644,ses-2,task-stopSignal
sub-s644,ses-2,task-twoByTwo
sub-s645,ses-1,task-ANT
sub-s645,ses-1,task-CCTHot
sub-s645,ses-1,task-WATT3
sub-s645,ses-1,task-stopSignal
sub-s645,ses-1,task-twoByTwo
sub-s645,ses-2,task-DPX
sub-s645,ses-2,task-discountFix
sub-s645,ses-2,task-motorSelectiveStop
sub-s645,ses-2,task-stroop
sub-s647,ses-1,task-ANT
sub-s647,ses-1,task-CCTHot
sub-s647,ses-1,task-WATT3
sub-s647,ses-1,task-stopSignal
sub-s647,ses-1,task-twoByTwo
sub-s647,ses-2,task-motorSelectiveStop
sub-s647,ses-2,task-stroop
sub-s648,ses-1,task-DPX
sub-s648,ses-1,task-discountFix
sub-s648,ses-1,task-motorSelectiveStop
sub-s648,ses-1,task-stroop
sub-s648,ses-2,task-ANT
sub-s648,ses-2,task-CCTHot
sub-s648,ses-2,task-WATT3
sub-s648,ses-2,task-stopSignal
sub-s648,ses-2,task-twoByTwo
sub-s649,ses-1,task-discountFix
sub-s649,ses-1,task-motorSelectiveStop
sub-s649,ses-1,task-stroop
sub-s649,ses-2,task-WATT3